{"cameraMode":{"drawMode":0,"name":"Shaded","section":"Shading Mode"},"sceneLighting":true,"audioPlay":false,"sceneViewState":{"m_AlwaysRefresh":false,"showFog":true,"showSkybox":true,"showFlares":true,"showImageEffects":true,"showParticleSystems":true,"showVisualEffectGraphs":true,"m_FxEnabled":true},"in2DMode":false,"pivot":{"x":3.452770233154297,"y":9.56566047668457,"z":-15.589679718017579},"rotation":{"x":0.05544532090425491,"y":0.9469427466392517,"z":-0.22409939765930177,"w":0.22644203901290894},"size":30.115535736083986,"orthographic":true}